Platform,Input Text,Step Index,Command Action,Wrapping Used
youtube_tv,halo 5,1,D,True
youtube_tv,halo 5,2,O,True
youtube_tv,halo 5,3,W,True
youtube_tv,halo 5,4,N,True
youtube_tv,halo 5,5,R,True
youtube_tv,halo 5,6,I,True
youtube_tv,halo 5,7,G,True
youtube_tv,halo 5,8,H,True
youtube_tv,halo 5,9,T,True
youtube_tv,halo 5,10,PRESS,True
youtube_tv,halo 5,11,U,True
youtube_tv,halo 5,12,P,True
youtube_tv,halo 5,13,L,True
youtube_tv,halo 5,14,E,True
youtube_tv,halo 5,15,F,True
youtube_tv,halo 5,16,T,True
youtube_tv,halo 5,17,PRESS,True
youtube_tv,halo 5,18,D,True
youtube_tv,halo 5,19,O,True
youtube_tv,halo 5,20,W,True
youtube_tv,halo 5,21,N,True
youtube_tv,halo 5,22,L,True
youtube_tv,halo 5,23,E,True
youtube_tv,halo 5,24,F,True
youtube_tv,halo 5,25,T,True
youtube_tv,halo 5,26,PRESS,True
youtube_tv,halo 5,27,D,True
youtube_tv,halo 5,28,O,True
youtube_tv,halo 5,29,W,True
youtube_tv,halo 5,30,N,True
youtube_tv,halo 5,31,L,True
youtube_tv,halo 5,32,E,True
youtube_tv,halo 5,33,F,True
youtube_tv,halo 5,34,T,True
youtube_tv,halo 5,35,L,True
youtube_tv,halo 5,36,E,True
youtube_tv,halo 5,37,F,True
youtube_tv,halo 5,38,T,True
youtube_tv,halo 5,39,L,True
youtube_tv,halo 5,40,E,True
youtube_tv,halo 5,41,F,True
youtube_tv,halo 5,42,T,True
youtube_tv,halo 5,43,PRESS,True
youtube_tv,halo 5,44,U,True
youtube_tv,halo 5,45,P,True
youtube_tv,halo 5,46,U,True
youtube_tv,halo 5,47,P,True
youtube_tv,halo 5,48,U,True
youtube_tv,halo 5,49,P,True
youtube_tv,halo 5,50,L,True
youtube_tv,halo 5,51,E,True
youtube_tv,halo 5,52,F,True
youtube_tv,halo 5,53,T,True
youtube_tv,halo 5,54,L,True
youtube_tv,halo 5,55,E,True
youtube_tv,halo 5,56,F,True
youtube_tv,halo 5,57,T,True
youtube_tv,halo 5,58,PRESS,True
youtube_tv,halo 5,59,U,True
youtube_tv,halo 5,60,P,True
youtube_tv,halo 5,61,PRESS,True
xbox_os,halo 5,1,D,True
xbox_os,halo 5,2,O,True
xbox_os,halo 5,3,W,True
xbox_os,halo 5,4,N,True
xbox_os,halo 5,5,D,True
xbox_os,halo 5,6,O,True
xbox_os,halo 5,7,W,True
xbox_os,halo 5,8,N,True
xbox_os,halo 5,9,R,True
xbox_os,halo 5,10,I,True
xbox_os,halo 5,11,G,True
xbox_os,halo 5,12,H,True
xbox_os,halo 5,13,T,True
xbox_os,halo 5,14,R,True
xbox_os,halo 5,15,I,True
xbox_os,halo 5,16,G,True
xbox_os,halo 5,17,H,True
xbox_os,halo 5,18,T,True
xbox_os,halo 5,19,R,True
xbox_os,halo 5,20,I,True
xbox_os,halo 5,21,G,True
xbox_os,halo 5,22,H,True
xbox_os,halo 5,23,T,True
xbox_os,halo 5,24,R,True
xbox_os,halo 5,25,I,True
xbox_os,halo 5,26,G,True
xbox_os,halo 5,27,H,True
xbox_os,halo 5,28,T,True
xbox_os,halo 5,29,R,True
xbox_os,halo 5,30,I,True
xbox_os,halo 5,31,G,True
xbox_os,halo 5,32,H,True
xbox_os,halo 5,33,T,True
xbox_os,halo 5,34,PRESS,True
xbox_os,halo 5,35,L,True
xbox_os,halo 5,36,E,True
xbox_os,halo 5,37,F,True
xbox_os,halo 5,38,T,True
xbox_os,halo 5,39,L,True
xbox_os,halo 5,40,E,True
xbox_os,halo 5,41,F,True
xbox_os,halo 5,42,T,True
xbox_os,halo 5,43,L,True
xbox_os,halo 5,44,E,True
xbox_os,halo 5,45,F,True
xbox_os,halo 5,46,T,True
xbox_os,halo 5,47,L,True
xbox_os,halo 5,48,E,True
xbox_os,halo 5,49,F,True
xbox_os,halo 5,50,T,True
xbox_os,halo 5,51,L,True
xbox_os,halo 5,52,E,True
xbox_os,halo 5,53,F,True
xbox_os,halo 5,54,T,True
xbox_os,halo 5,55,PRESS,True
xbox_os,halo 5,56,L,True
xbox_os,halo 5,57,E,True
xbox_os,halo 5,58,F,True
xbox_os,halo 5,59,T,True
xbox_os,halo 5,60,L,True
xbox_os,halo 5,61,E,True
xbox_os,halo 5,62,F,True
xbox_os,halo 5,63,T,True
xbox_os,halo 5,64,PRESS,True
xbox_os,halo 5,65,U,True
xbox_os,halo 5,66,P,True
xbox_os,halo 5,67,PRESS,True
xbox_os,halo 5,68,D,True
xbox_os,halo 5,69,O,True
xbox_os,halo 5,70,W,True
xbox_os,halo 5,71,N,True
xbox_os,halo 5,72,D,True
xbox_os,halo 5,73,O,True
xbox_os,halo 5,74,W,True
xbox_os,halo 5,75,N,True
xbox_os,halo 5,76,L,True
xbox_os,halo 5,77,E,True
xbox_os,halo 5,78,F,True
xbox_os,halo 5,79,T,True
xbox_os,halo 5,80,PRESS,True
xbox_os,halo 5,81,D,True
xbox_os,halo 5,82,O,True
xbox_os,halo 5,83,W,True
xbox_os,halo 5,84,N,True
xbox_os,halo 5,85,L,True
xbox_os,halo 5,86,E,True
xbox_os,halo 5,87,F,True
xbox_os,halo 5,88,T,True
xbox_os,halo 5,89,L,True
xbox_os,halo 5,90,E,True
xbox_os,halo 5,91,F,True
xbox_os,halo 5,92,T,True
xbox_os,halo 5,93,L,True
xbox_os,halo 5,94,E,True
xbox_os,halo 5,95,F,True
xbox_os,halo 5,96,T,True
xbox_os,halo 5,97,PRESS,True
playstation_os,halo 5,1,D,True
playstation_os,halo 5,2,O,True
playstation_os,halo 5,3,W,True
playstation_os,halo 5,4,N,True
playstation_os,halo 5,5,D,True
playstation_os,halo 5,6,O,True
playstation_os,halo 5,7,W,True
playstation_os,halo 5,8,N,True
playstation_os,halo 5,9,R,True
playstation_os,halo 5,10,I,True
playstation_os,halo 5,11,G,True
playstation_os,halo 5,12,H,True
playstation_os,halo 5,13,T,True
playstation_os,halo 5,14,R,True
playstation_os,halo 5,15,I,True
playstation_os,halo 5,16,G,True
playstation_os,halo 5,17,H,True
playstation_os,halo 5,18,T,True
playstation_os,halo 5,19,R,True
playstation_os,halo 5,20,I,True
playstation_os,halo 5,21,G,True
playstation_os,halo 5,22,H,True
playstation_os,halo 5,23,T,True
playstation_os,halo 5,24,R,True
playstation_os,halo 5,25,I,True
playstation_os,halo 5,26,G,True
playstation_os,halo 5,27,H,True
playstation_os,halo 5,28,T,True
playstation_os,halo 5,29,R,True
playstation_os,halo 5,30,I,True
playstation_os,halo 5,31,G,True
playstation_os,halo 5,32,H,True
playstation_os,halo 5,33,T,True
playstation_os,halo 5,34,PRESS,True
playstation_os,halo 5,35,L,True
playstation_os,halo 5,36,E,True
playstation_os,halo 5,37,F,True
playstation_os,halo 5,38,T,True
playstation_os,halo 5,39,L,True
playstation_os,halo 5,40,E,True
playstation_os,halo 5,41,F,True
playstation_os,halo 5,42,T,True
playstation_os,halo 5,43,L,True
playstation_os,halo 5,44,E,True
playstation_os,halo 5,45,F,True
playstation_os,halo 5,46,T,True
playstation_os,halo 5,47,L,True
playstation_os,halo 5,48,E,True
playstation_os,halo 5,49,F,True
playstation_os,halo 5,50,T,True
playstation_os,halo 5,51,L,True
playstation_os,halo 5,52,E,True
playstation_os,halo 5,53,F,True
playstation_os,halo 5,54,T,True
playstation_os,halo 5,55,PRESS,True
playstation_os,halo 5,56,L,True
playstation_os,halo 5,57,E,True
playstation_os,halo 5,58,F,True
playstation_os,halo 5,59,T,True
playstation_os,halo 5,60,L,True
playstation_os,halo 5,61,E,True
playstation_os,halo 5,62,F,True
playstation_os,halo 5,63,T,True
playstation_os,halo 5,64,L,True
playstation_os,halo 5,65,E,True
playstation_os,halo 5,66,F,True
playstation_os,halo 5,67,T,True
playstation_os,halo 5,68,PRESS,True
playstation_os,halo 5,69,U,True
playstation_os,halo 5,70,P,True
playstation_os,halo 5,71,PRESS,True
playstation_os,halo 5,72,D,True
playstation_os,halo 5,73,O,True
playstation_os,halo 5,74,W,True
playstation_os,halo 5,75,N,True
playstation_os,halo 5,76,R,True
playstation_os,halo 5,77,I,True
playstation_os,halo 5,78,G,True
playstation_os,halo 5,79,H,True
playstation_os,halo 5,80,T,True
playstation_os,halo 5,81,PRESS,True
playstation_os,halo 5,82,U,True
playstation_os,halo 5,83,P,True
playstation_os,halo 5,84,U,True
playstation_os,halo 5,85,P,True
playstation_os,halo 5,86,L,True
playstation_os,halo 5,87,E,True
playstation_os,halo 5,88,F,True
playstation_os,halo 5,89,T,True
playstation_os,halo 5,90,L,True
playstation_os,halo 5,91,E,True
playstation_os,halo 5,92,F,True
playstation_os,halo 5,93,T,True
playstation_os,halo 5,94,L,True
playstation_os,halo 5,95,E,True
playstation_os,halo 5,96,F,True
playstation_os,halo 5,97,T,True
playstation_os,halo 5,98,L,True
playstation_os,halo 5,99,E,True
playstation_os,halo 5,100,F,True
playstation_os,halo 5,101,T,True
playstation_os,halo 5,102,L,True
playstation_os,halo 5,103,E,True
playstation_os,halo 5,104,F,True
playstation_os,halo 5,105,T,True
playstation_os,halo 5,106,PRESS,True
